City_ID,City,Lat,Lng,Max Temp,Humidity,Cloudiness,Wind Speed,Country,Date
0,New Norfolk,-42.7826,147.0587,56.66,86,100,3.53,AU,2021-06-10 17:52:13
1,Bhadrak,21.0633,86.5054,84.45,72,100,3.22,IN,2021-06-10 17:52:13
2,Punta Arenas,-53.15,-70.9167,39.22,81,0,5.75,CL,2021-06-10 17:52:14
3,Dingle,10.9995,122.6711,76.55,90,98,2.28,PH,2021-06-10 17:52:14
4,Dikson,73.5069,80.5464,29.07,89,93,12.24,RU,2021-06-10 17:52:14
5,Flinders,-34.5833,150.8552,44.19,90,83,1.01,AU,2021-06-10 17:52:15
6,Albany,42.6001,-73.9662,81.63,43,100,4.25,US,2021-06-10 17:48:30
7,Mar Del Plata,-38.0023,-57.5575,61.09,59,20,11.99,AR,2021-06-10 17:52:15
8,Busselton,-33.65,115.3333,54.05,79,100,3.71,AU,2021-06-10 17:52:15
9,Puerto Del Rosario,28.5004,-13.8627,80.28,73,0,14.97,ES,2021-06-10 17:52:16
10,Odesskoye,54.2111,72.9651,52.27,57,100,9.1,RU,2021-06-10 17:52:16
11,San Jose,37.3394,-121.895,68.58,51,20,8.01,US,2021-06-10 17:48:06
12,San Quintin,30.4833,-115.95,68.2,58,99,20.85,MX,2021-06-10 17:52:17
13,Avarua,-21.2078,-159.775,75.25,60,75,10.36,CK,2021-06-10 17:52:17
14,Grenfell,-33.9,148.1667,41.86,91,99,5.3,AU,2021-06-10 17:52:17
15,Caravelas,-17.7125,-39.2481,78.42,69,12,6.82,BR,2021-06-10 17:52:18
16,Ongandjera,-17.8833,15.0667,70.05,24,0,8.16,NA,2021-06-10 17:52:18
17,Barrow,71.2906,-156.7887,32.02,86,90,12.66,US,2021-06-10 17:50:02
18,Rikitea,-23.1203,-134.9692,72.5,68,100,14.47,PF,2021-06-10 17:52:18
19,Jamestown,42.097,-79.2353,84.02,50,1,5.99,US,2021-06-10 17:48:54
20,Vaini,-21.2,-175.2,68.16,94,40,10.36,TO,2021-06-10 17:52:19
21,Miri,4.4148,114.0089,78.94,94,20,1.14,MY,2021-06-10 17:52:19
22,Kodiak,57.79,-152.4072,47.71,87,90,14.97,US,2021-06-10 17:52:01
23,San Cristobal,7.7669,-72.225,80.78,60,78,6.91,VE,2021-06-10 17:52:19
24,Middelburg,-25.7751,29.4648,57.04,39,80,5.48,ZA,2021-06-10 17:52:20
25,Saint Marys,30.7305,-81.5465,95.23,69,75,10.36,US,2021-06-10 17:52:20
26,Ushuaia,-54.8,-68.3,38.86,75,40,11.5,AR,2021-06-10 17:51:30
27,Port Pirie,-33.1833,138.0167,53.69,83,85,4.54,AU,2021-06-10 17:52:20
28,Cape Town,-33.9258,18.4232,60.1,93,90,8.05,ZA,2021-06-10 17:48:20
29,Liverpool,53.4106,-2.9779,73.94,71,38,1.99,GB,2021-06-10 17:52:21
30,Yellowknife,62.456,-114.3525,61.32,55,90,11.5,CA,2021-06-10 17:48:07
31,Margate,51.3813,1.3862,75.06,67,55,12.73,GB,2021-06-10 17:52:21
32,Chokurdakh,70.6333,147.9167,40.12,58,41,7.34,RU,2021-06-10 17:52:21
33,Brae,60.3964,-1.353,57.11,93,100,11.65,GB,2021-06-10 17:52:22
34,Solnechnyy,50.7214,136.6319,60.73,90,100,3.42,RU,2021-06-10 17:52:22
35,College,64.8569,-147.8028,58.21,70,75,0.0,US,2021-06-10 17:52:22
36,Wahpeton,46.2652,-96.6059,91.92,55,1,4.61,US,2021-06-10 17:52:22
37,Marsa Matruh,31.3525,27.2453,75.4,73,0,11.5,EG,2021-06-10 17:52:23
38,Kaitangata,-46.2817,169.8464,39.92,87,6,2.75,NZ,2021-06-10 17:52:23
39,Aitape,-3.1374,142.3475,75.87,84,88,4.25,PG,2021-06-10 17:52:23
40,Hithadhoo,-0.6,73.0833,83.25,72,100,9.15,MV,2021-06-10 17:52:24
41,Hobart,-42.8794,147.3294,57.02,95,90,1.01,AU,2021-06-10 17:52:24
42,Bereda,43.2686,-7.5406,70.88,61,4,7.25,ES,2021-06-10 17:52:24
43,Necochea,-38.5473,-58.7368,56.03,61,18,21.05,AR,2021-06-10 17:52:25
44,Khatanga,71.9667,102.5,38.32,90,100,15.82,RU,2021-06-10 17:52:25
45,East London,-33.0153,27.9116,61.74,59,0,5.75,ZA,2021-06-10 17:52:25
46,Butaritari,3.0707,172.7902,83.44,73,60,13.65,KI,2021-06-10 17:52:25
47,Lucea,18.451,-78.1736,85.86,68,79,3.18,JM,2021-06-10 17:52:26
48,Strezhevoy,60.7333,77.5889,44.58,61,82,1.16,RU,2021-06-10 17:52:26
49,Nanortalik,60.1432,-45.2371,37.94,87,85,4.03,GL,2021-06-10 17:52:26
50,Tuktoyaktuk,69.4541,-133.0374,51.8,66,40,2.3,CA,2021-06-10 17:52:27
51,Touros,-5.1989,-35.4608,86.9,63,74,17.31,BR,2021-06-10 17:52:27
52,Mayo,38.8876,-76.5119,92.21,73,1,4.0,US,2021-06-10 17:48:02
53,Tuatapere,-46.1333,167.6833,41.92,93,46,1.77,NZ,2021-06-10 17:52:27
54,Henties Bay,-22.116,14.2845,57.85,74,0,8.1,NA,2021-06-10 17:52:28
55,Nikolskoye,59.7035,30.7861,73.29,56,54,5.26,RU,2021-06-10 17:52:28
56,Lebu,-37.6167,-73.65,54.79,67,49,3.78,CL,2021-06-10 17:52:28
57,Chingirlau,51.095,54.0814,67.33,70,34,7.16,KZ,2021-06-10 17:52:29
58,Kamenka,51.3223,42.7678,60.67,87,55,7.34,RU,2021-06-10 17:52:29
59,Mataura,-46.1927,168.8643,37.63,98,11,1.39,NZ,2021-06-10 17:52:29
60,Taoudenni,22.6783,-3.9836,114.66,7,47,18.95,ML,2021-06-10 17:52:29
61,Yerbogachen,61.2767,108.0108,39.54,80,23,4.12,RU,2021-06-10 17:52:30
62,Kargil,34.5667,76.1,56.23,44,2,7.85,IN,2021-06-10 17:52:30
63,Provideniya,64.3833,-173.3,38.17,94,100,6.2,RU,2021-06-10 17:52:30
64,Nobres,-14.7203,-56.3275,95.94,29,53,2.98,BR,2021-06-10 17:52:31
65,Upington,-28.4478,21.2561,62.98,51,0,0.0,ZA,2021-06-10 17:52:31
66,Boulsa,12.6675,-0.5758,96.46,32,99,1.68,BF,2021-06-10 17:52:31
67,Orsha,54.5153,30.4053,59.58,83,56,5.1,BY,2021-06-10 17:52:32
68,Atuona,-9.8,-139.0333,78.62,80,32,13.94,PF,2021-06-10 17:52:32
69,Half Moon Bay,37.4636,-122.4286,68.61,54,20,12.66,US,2021-06-10 17:52:32
70,San Rafael,-34.6177,-68.3301,54.19,46,88,6.8,AR,2021-06-10 17:50:40
71,Carutapera,-1.195,-46.02,74.37,96,98,3.04,BR,2021-06-10 17:52:33
72,Saint-Philippe,-21.3585,55.7679,72.95,79,37,11.48,RE,2021-06-10 17:52:33
73,Ribeira Grande,38.5167,-28.7,70.2,83,40,13.8,PT,2021-06-10 17:52:33
74,Paamiut,61.994,-49.6678,36.03,92,100,14.67,GL,2021-06-10 17:52:33
75,Hilo,19.7297,-155.09,78.28,94,90,6.91,US,2021-06-10 17:52:34
76,Tasiilaq,65.6145,-37.6368,37.72,88,100,6.26,GL,2021-06-10 17:52:34
77,Bambous Virieux,-20.3428,57.7575,75.45,69,75,10.36,MU,2021-06-10 17:52:34
78,Qaanaaq,77.484,-69.3632,40.57,80,19,6.46,GL,2021-06-10 17:52:35
79,Khandbari,27.3747,87.2039,72.14,90,90,0.22,NP,2021-06-10 17:52:35
80,Torbay,47.6666,-52.7314,39.58,96,90,19.57,CA,2021-06-10 17:52:35
81,Bluff,-46.6,168.3333,42.91,86,10,2.53,NZ,2021-06-10 17:52:36
82,Geraldton,-28.7667,114.6,63.01,94,75,6.91,AU,2021-06-10 17:52:36
83,Taltal,-25.4,-70.4833,66.06,66,25,3.6,CL,2021-06-10 17:52:36
84,Tamarin,-20.3256,57.3706,75.76,73,74,14.12,MU,2021-06-10 17:52:37
85,Asau,46.4333,26.4,65.39,85,53,1.54,RO,2021-06-10 17:52:37
86,Mahebourg,-20.4081,57.7,75.49,69,75,10.36,MU,2021-06-10 17:52:37
87,Waingapu,-9.6567,120.2641,74.01,88,77,5.97,ID,2021-06-10 17:52:37
88,Port Alfred,-33.5906,26.891,64.76,60,0,7.7,ZA,2021-06-10 17:52:38
89,Puerto Ayora,-0.7393,-90.3518,78.76,89,49,5.99,EC,2021-06-10 17:52:38
90,Meadow Lake,34.8014,-106.5436,92.17,9,13,8.01,US,2021-06-10 17:52:38
91,Botou,38.0667,116.5667,73.06,62,0,5.95,CN,2021-06-10 17:52:39
92,Mbini,1.574,9.6134,79.43,88,100,6.49,GQ,2021-06-10 17:52:39
93,Srednekolymsk,67.45,153.6833,37.94,79,100,9.82,RU,2021-06-10 17:52:39
94,Severo-Kurilsk,50.6789,156.125,45.75,86,11,9.62,RU,2021-06-10 17:52:39
95,Aasiaat,68.7098,-52.8699,34.88,83,100,2.37,GL,2021-06-10 17:52:40
96,Killybegs,54.6333,-8.45,63.45,74,91,14.74,IE,2021-06-10 17:52:40
97,Arraial Do Cabo,-22.9661,-42.0278,73.36,94,90,13.8,BR,2021-06-10 17:52:40
98,Puerto Madryn,-42.7692,-65.0385,52.77,39,0,18.43,AR,2021-06-10 17:50:04
99,Bilibino,68.0546,166.4372,42.24,72,100,5.48,RU,2021-06-10 17:52:41
100,Yulara,-25.2406,130.9889,37.24,60,1,4.61,AU,2021-06-10 17:52:41
101,Hovd,48.0056,91.6419,61.74,50,57,0.63,MN,2021-06-10 17:52:42
102,Mackay,-21.15,149.2,48.04,87,99,8.05,AU,2021-06-10 17:52:42
103,Hermanus,-34.4187,19.2345,56.89,82,100,7.18,ZA,2021-06-10 17:52:42
104,Dunedin,-45.8742,170.5036,43.81,89,15,1.99,NZ,2021-06-10 17:52:42
105,Finschhafen,-6.6024,147.8681,78.21,80,43,5.41,PG,2021-06-10 17:52:43
106,Sao Joao Da Barra,-21.6403,-41.0511,75.29,80,32,10.58,BR,2021-06-10 17:52:43
107,Labuhan,-6.8844,112.2051,78.64,85,79,5.77,ID,2021-06-10 17:52:44
108,Nouadhibou,20.931,-17.0347,82.38,54,0,9.22,MR,2021-06-10 17:52:44
109,Elizabeth City,36.2946,-76.2511,86.05,76,20,3.0,US,2021-06-10 17:52:44
110,Sora,41.7157,13.6141,72.23,85,100,3.98,IT,2021-06-10 17:52:44
111,Carnarvon,-24.8667,113.6333,60.87,7,40,6.91,AU,2021-06-10 17:52:45
112,Saldanha,-33.0117,17.9442,60.85,80,36,10.87,ZA,2021-06-10 17:52:45
113,Grindavik,63.8424,-22.4338,48.67,81,75,5.75,IS,2021-06-10 17:52:45
114,Deputatskiy,69.3,139.9,41.79,66,2,2.8,RU,2021-06-10 17:52:46
115,Phuntsholing,26.8516,89.3884,76.71,92,79,4.32,BT,2021-06-10 17:52:46
116,Yeniseysk,58.4497,92.1703,36.72,77,48,3.18,RU,2021-06-10 17:52:46
117,Karratha,-20.7377,116.8463,73.65,66,58,3.87,AU,2021-06-10 17:52:47
118,Gambela,8.25,34.5833,75.94,77,69,4.05,ET,2021-06-10 17:52:47
119,Bankura,23.25,87.0667,83.08,77,100,3.22,IN,2021-06-10 17:52:47
120,Noyabrsk,63.1994,75.4507,46.27,67,78,6.42,RU,2021-06-10 17:52:48
121,Meulaboh,4.1363,96.1285,76.32,81,91,5.41,ID,2021-06-10 17:52:48
122,Hobyo,5.3505,48.5268,78.93,79,88,27.78,SO,2021-06-10 17:52:48
123,Bintulu,3.1667,113.0333,77.41,94,20,0.0,MY,2021-06-10 17:52:49
124,Bontang,0.1333,117.5,76.03,91,40,4.41,ID,2021-06-10 17:52:49
125,Puerto Carreno,6.189,-67.4859,74.68,91,100,0.51,CO,2021-06-10 17:52:49
126,Kapaa,22.0752,-159.319,78.78,80,90,3.0,US,2021-06-10 17:49:11
127,Isangel,-19.55,169.2667,71.22,74,91,9.13,VU,2021-06-10 17:52:50
128,Ilulissat,69.2167,-51.1,38.37,76,87,6.62,GL,2021-06-10 17:52:50
129,Sola,-13.8833,167.55,79.7,69,99,20.71,VU,2021-06-10 17:52:50
130,Nancha,47.1333,129.2667,60.71,99,100,0.87,CN,2021-06-10 17:52:50
131,San Carlos De Bariloche,-41.1456,-71.3082,44.35,65,75,19.57,AR,2021-06-10 17:52:51
132,Castro,-24.7911,-50.0119,62.44,84,100,5.23,BR,2021-06-10 17:52:51
133,Mtwara,-10.2667,40.1833,71.53,82,30,9.69,TZ,2021-06-10 17:52:51
134,Vila Velha,-20.3297,-40.2925,78.96,86,90,1.99,BR,2021-06-10 17:52:19
135,Mbandaka,0.0487,18.2603,79.05,67,81,0.85,CD,2021-06-10 17:52:52
136,Kano,12.0001,8.5167,96.69,36,20,3.44,NG,2021-06-10 17:51:10
137,Chapleau,47.8405,-83.4034,59.09,82,90,4.61,CA,2021-06-10 17:52:52
138,Codrington,-38.2667,141.9667,52.68,92,96,10.4,AU,2021-06-10 17:52:52
139,Rapperswil,47.2256,8.8223,75.43,78,52,3.11,CH,2021-06-10 17:52:53
140,Vao,-22.6667,167.4833,71.94,71,100,14.85,NC,2021-06-10 17:52:53
141,Saint-Augustin,51.226,-58.6502,50.56,46,92,14.63,CA,2021-06-10 17:52:53
142,Verkh-Usugli,52.7,115.1667,47.57,75,36,1.1,RU,2021-06-10 17:52:54
143,Gostyn,51.8825,17.0123,75.18,69,12,0.29,PL,2021-06-10 17:52:54
144,Saskylakh,71.9167,114.0833,46.92,87,100,12.93,RU,2021-06-10 17:52:54
145,Pimenteiras,-6.2453,-41.4192,97.03,24,56,6.24,BR,2021-06-10 17:52:55
146,Naryan-Mar,67.6713,53.087,64.26,37,100,15.14,RU,2021-06-10 17:52:55
147,Bengkulu,-3.8004,102.2655,74.57,90,55,4.61,ID,2021-06-10 17:52:55
148,Faanui,-16.4833,-151.75,81.03,73,6,8.5,PF,2021-06-10 17:52:55
149,Terrace,54.5163,-128.6035,56.43,66,75,12.66,CA,2021-06-10 17:49:07
150,Mogadishu,2.0371,45.3438,79.2,80,60,17.72,SO,2021-06-10 17:48:50
151,Port Hardy,50.6996,-127.4199,51.98,93,75,9.22,CA,2021-06-10 17:52:56
152,Lydenburg,-25.0978,30.4597,45.27,75,60,3.58,ZA,2021-06-10 17:52:56
153,Naze,28.3667,129.4833,74.3,91,95,12.46,JP,2021-06-10 17:52:57
154,Quatre Cocos,-20.2078,57.7625,75.31,73,82,16.15,MU,2021-06-10 17:52:57
155,Hokitika,-42.7167,170.9667,52.56,64,95,4.7,NZ,2021-06-10 17:52:57
156,Florence,43.7667,11.25,77.83,63,0,5.75,IT,2021-06-10 17:48:56
157,Morgan City,29.6994,-91.2068,90.0,66,20,12.66,US,2021-06-10 17:52:58
158,Baykit,61.67,96.37,34.3,93,55,3.87,RU,2021-06-10 17:52:58
159,Tual,-5.6667,132.75,81.01,78,96,13.98,ID,2021-06-10 17:52:58
160,La Asuncion,11.0333,-63.8628,83.93,79,91,11.5,VE,2021-06-10 17:52:59
161,Victoria,22.2855,114.1577,84.96,84,74,1.99,HK,2021-06-10 17:49:57
162,Boende,-0.2167,20.8667,78.67,71,69,2.82,CD,2021-06-10 17:52:59
163,Talnakh,69.4865,88.3972,30.54,98,98,4.59,RU,2021-06-10 17:52:59
164,Huilong,31.8111,121.655,76.03,92,100,4.72,CN,2021-06-10 17:53:00
165,Poya,-21.35,165.15,68.34,82,100,5.77,NC,2021-06-10 17:53:00
166,Airai,-8.9266,125.4092,57.79,95,83,3.04,TL,2021-06-10 17:53:00
167,Marquette,46.5333,-87.6335,75.36,99,95,6.31,US,2021-06-10 17:53:00
168,Kavieng,-2.5744,150.7967,82.56,76,82,16.2,PG,2021-06-10 17:53:01
169,Rio Gallegos,-51.6226,-69.2181,42.85,61,0,5.75,AR,2021-06-10 17:53:01
170,Adrar,20.5022,-10.0711,111.25,6,14,9.95,MR,2021-06-10 17:53:01
171,Road Town,18.4167,-64.6167,84.24,74,75,9.22,VG,2021-06-10 17:53:02
172,Were Ilu,10.6,39.4333,61.84,33,76,8.93,ET,2021-06-10 17:53:02
173,Kenora,49.8167,-94.4337,67.98,82,90,8.05,CA,2021-06-10 17:53:02
174,Mount Gambier,-37.8333,140.7667,55.31,94,67,9.22,AU,2021-06-10 17:53:03
175,Mendoza,-32.8908,-68.8272,62.13,45,20,12.66,AR,2021-06-10 17:48:27
176,Darnah,32.767,22.6367,71.28,80,5,13.98,LY,2021-06-10 17:53:03
177,Port Elizabeth,-33.918,25.5701,62.1,67,0,4.61,ZA,2021-06-10 17:53:04
178,Bartica,6.4,-58.6167,80.92,73,92,5.23,GY,2021-06-10 17:53:04
179,Ewa Beach,21.3156,-158.0072,78.1,72,20,4.61,US,2021-06-10 17:50:07
180,Ponta Do Sol,32.6667,-17.1,81.23,52,3,4.34,PT,2021-06-10 17:53:05
181,Pital,2.2665,-75.8044,79.72,62,84,4.56,CO,2021-06-10 17:53:05
182,Bac Giang,21.2667,106.2,82.47,88,100,2.53,VN,2021-06-10 17:53:06
183,Zhuhai,22.2769,113.5678,84.7,89,40,9.22,CN,2021-06-10 17:48:11
184,Espera Feliz,-20.6503,-41.9072,69.84,72,84,3.24,BR,2021-06-10 17:53:06
185,Nanakuli,21.3906,-158.1547,79.11,78,90,5.75,US,2021-06-10 17:53:07
186,Svetlyy,54.675,20.1347,62.65,83,32,6.78,RU,2021-06-10 17:53:07
187,Letterkenny,54.95,-7.7333,69.69,63,94,11.21,IE,2021-06-10 17:53:07
188,Zhigansk,66.7697,123.3711,48.56,45,99,10.74,RU,2021-06-10 17:53:07
189,Filingue,14.3521,3.3168,102.25,22,43,4.79,NE,2021-06-10 17:53:08
190,Dakar,14.6937,-17.4441,85.08,74,18,6.91,SN,2021-06-10 17:53:08
191,Sao Filipe,14.8961,-24.4956,74.17,82,38,12.08,CV,2021-06-10 17:53:08
192,Novoagansk,61.9449,76.6625,50.09,58,80,2.77,RU,2021-06-10 17:53:08
193,Leningradskiy,69.3833,178.4167,32.72,90,85,4.09,RU,2021-06-10 17:53:09
194,Cay,38.5917,31.0286,56.07,84,100,4.29,TR,2021-06-10 17:53:09
195,Orikum,40.3253,19.4714,71.4,73,37,2.86,AL,2021-06-10 17:53:09
196,Merauke,-8.4667,140.3333,75.81,92,23,11.56,ID,2021-06-10 17:51:51
197,Cidreira,-30.1811,-50.2056,61.45,98,100,2.19,BR,2021-06-10 17:53:10
198,Bubaque,11.2833,-15.8333,81.34,82,85,13.89,GW,2021-06-10 17:53:10
199,Mehamn,71.0357,27.8492,58.91,79,100,10.18,NO,2021-06-10 17:53:10
200,Pochutla,15.7432,-96.4661,85.82,75,100,4.83,MX,2021-06-10 17:53:11
201,Upernavik,72.7868,-56.1549,35.4,85,4,6.64,GL,2021-06-10 17:53:11
202,Kargasok,59.0556,80.8572,40.62,72,27,1.9,RU,2021-06-10 17:53:11
203,Asuncion Nochixtlan,17.4667,-97.2333,69.93,51,96,8.86,MX,2021-06-10 17:53:12
204,Hofn,64.2539,-15.2082,50.02,87,75,13.8,IS,2021-06-10 17:53:13
205,Bathsheba,13.2167,-59.5167,88.41,55,40,19.57,BB,2021-06-10 17:53:15
206,Fare,-16.7,-151.0167,80.74,75,0,7.31,PF,2021-06-10 17:53:16
207,Hervey Bay,-25.2986,152.8535,52.02,72,58,8.55,AU,2021-06-10 17:53:16
208,Vardo,70.3705,31.1107,59.2,81,75,8.05,NO,2021-06-10 17:53:17
209,Newport,51.5877,-2.9984,73.44,87,51,12.24,GB,2021-06-10 17:48:41
210,Abu Dhabi,24.4667,54.3667,93.22,46,0,13.8,AE,2021-06-10 17:53:05
211,Lucapa,-8.4192,20.7447,73.76,39,31,3.53,AO,2021-06-10 17:53:17
212,Champerico,14.3,-91.9167,84.34,87,100,2.01,GT,2021-06-10 17:53:18
213,Coroneo,20.1333,-100.3333,73.58,26,0,11.03,MX,2021-06-10 17:53:18
214,Bibiani,6.4635,-2.3194,75.25,95,96,3.13,GH,2021-06-10 17:53:18
215,Dunyapur,29.7995,71.7196,96.82,23,0,13.24,PK,2021-06-10 17:53:19
216,Port Blair,11.6667,92.75,83.32,81,100,18.79,IN,2021-06-10 17:53:19
217,Alexandria,31.2156,29.9553,75.16,73,0,8.05,EG,2021-06-10 17:48:34
218,Lubbenau,51.8667,13.9667,78.71,61,90,5.21,DE,2021-06-10 17:53:19
219,Platanos,37.6667,21.6167,74.05,70,86,1.77,GR,2021-06-10 17:53:20
220,Fairbanks,64.8378,-147.7164,58.23,70,75,3.44,US,2021-06-10 17:53:20
221,Lasa,46.6166,10.7002,74.28,89,89,5.53,IT,2021-06-10 17:53:20
222,Adrian,41.8975,-84.0372,85.93,63,29,3.0,US,2021-06-10 17:53:19
223,Concepcion Del Uruguay,-32.4825,-58.2372,68.83,72,99,4.0,AR,2021-06-10 17:53:21
224,Ostrovnoy,68.0531,39.5131,65.01,54,96,13.67,RU,2021-06-10 17:53:21
225,Saint George,37.1041,-113.5841,82.63,15,1,4.0,US,2021-06-10 17:53:21
226,Mount Pleasant,32.7941,-79.8626,90.99,72,1,1.99,US,2021-06-10 17:53:22
227,Lahij,13.1667,44.5833,94.35,36,39,3.15,YE,2021-06-10 17:53:22
228,Kitimat,54.0524,-128.6534,56.91,68,94,1.01,CA,2021-06-10 17:53:22
229,Khani,41.9563,42.9566,60.37,96,87,0.22,GE,2021-06-10 17:53:23
230,Wairoa,-39.0333,177.3667,54.61,99,91,1.99,NZ,2021-06-10 17:53:23
231,Arlit,18.7369,7.3853,99.09,7,62,3.96,NE,2021-06-10 17:53:23
232,Padang,-0.9492,100.3543,77.05,87,64,4.27,ID,2021-06-10 17:53:24
233,Bethel,41.3712,-73.414,82.49,50,96,6.6,US,2021-06-10 17:53:24
234,Hasaki,35.7333,140.8333,66.49,75,0,4.38,JP,2021-06-10 17:53:24
235,Chapais,49.7834,-74.8492,56.98,30,100,4.65,CA,2021-06-10 17:53:25
236,Dali,25.7,100.1833,59.92,92,100,2.82,CN,2021-06-10 17:53:25
237,Oranjestad,12.524,-70.027,87.75,66,75,19.57,AW,2021-06-10 17:51:23
238,Eureka,40.8021,-124.1637,65.68,64,22,3.0,US,2021-06-10 17:53:25
239,Luganville,-15.5333,167.1667,77.16,76,100,10.85,VU,2021-06-10 17:53:26
240,Moose Factory,51.2585,-80.6094,55.4,62,1,9.22,CA,2021-06-10 17:53:26
241,Desert Hot Springs,33.9611,-116.5017,85.32,14,0,0.65,US,2021-06-10 17:53:08
242,Gat,31.61,34.7642,77.81,100,0,4.76,IL,2021-06-10 17:53:26
243,Longyearbyen,78.2186,15.6401,35.44,69,40,13.8,SJ,2021-06-10 17:53:27
244,Carbonia,39.1672,8.5222,77.95,58,13,7.85,IT,2021-06-10 17:53:27
245,Fort Madison,40.6298,-91.3151,90.43,55,1,0.0,US,2021-06-10 17:53:27
246,Korla,41.7597,86.1469,77.22,29,51,12.44,CN,2021-06-10 17:53:27
247,Jumla,29.2747,82.1838,62.76,90,71,1.61,NP,2021-06-10 17:53:28
248,Yarmouth,41.7057,-70.2286,75.18,51,1,18.01,US,2021-06-10 17:53:28
249,Tonantins,-2.8731,-67.8022,86.38,65,73,1.39,BR,2021-06-10 17:53:28
250,San Rafael Del Sur,11.8485,-86.4384,90.57,53,75,10.29,NI,2021-06-10 17:53:29
251,Goderich,43.7501,-81.7165,79.12,44,6,12.66,CA,2021-06-10 17:53:29
252,Saint Anthony,45.0205,-93.218,96.94,43,20,1.01,US,2021-06-10 17:53:29
253,Harper,4.375,-7.7169,79.65,80,100,6.22,LR,2021-06-10 17:53:30
254,Esperance,-33.8667,121.9,62.44,89,80,11.41,AU,2021-06-10 17:53:30
255,Brewster,41.3973,-73.6171,83.95,48,97,5.86,US,2021-06-10 17:53:30
256,Staryy Nadym,65.6118,72.6842,48.25,52,96,5.61,RU,2021-06-10 17:53:31
257,Oktyabrskiy,54.4815,53.471,56.25,89,85,6.67,RU,2021-06-10 17:53:31
258,Salta,-24.7859,-65.4117,74.57,30,0,5.99,AR,2021-06-10 17:50:50
259,Kota Bahru,6.1333,102.2386,76.98,83,20,5.01,MY,2021-06-10 17:53:32
260,Burnie,-41.0667,145.9167,55.92,92,45,8.34,AU,2021-06-10 17:53:32
261,Sur,22.5667,59.5289,88.59,67,0,12.91,OM,2021-06-10 17:53:32
262,Kavaratti,10.5669,72.642,83.84,73,99,15.17,IN,2021-06-10 17:53:32
263,Bonavista,48.6499,-53.1147,39.2,98,100,12.86,CA,2021-06-10 17:53:33
264,Kruisfontein,-34.0033,24.7314,59.88,51,0,3.6,ZA,2021-06-10 17:53:33
265,Kinsale,51.7075,-8.5306,58.37,100,90,14.97,IE,2021-06-10 17:53:33
266,Berlevag,70.8578,29.0864,58.95,67,75,12.66,NO,2021-06-10 17:53:34
267,Asfi,32.2994,-9.2372,76.86,52,24,17.29,MA,2021-06-10 17:53:34
268,Ust-Nera,64.5667,143.2,41.4,77,51,4.03,RU,2021-06-10 17:53:34
269,Doha,25.2867,51.5333,96.78,23,0,13.8,QA,2021-06-10 17:53:35
270,Takoradi,4.8845,-1.7554,80.49,78,100,7.54,GH,2021-06-10 17:53:35
271,Kaabong,3.4836,34.1492,68.67,57,11,6.46,UG,2021-06-10 17:53:35
272,Ketchikan,55.3422,-131.6461,52.27,76,90,10.36,US,2021-06-10 17:53:36
273,Ulaangom,49.9811,92.0667,59.45,63,86,1.3,MN,2021-06-10 17:53:36
274,Xingcheng,40.6167,120.7167,63.25,98,81,2.89,CN,2021-06-10 17:53:36
275,Pevek,69.7008,170.3133,31.33,90,18,1.16,RU,2021-06-10 17:53:36
276,Port Lincoln,-34.7333,135.8667,52.52,74,90,1.59,AU,2021-06-10 17:53:37
277,Vrangel,42.7297,133.0839,58.1,79,100,8.32,RU,2021-06-10 17:53:37
278,Bredasdorp,-34.5322,20.0403,56.52,94,96,3.44,ZA,2021-06-10 17:53:37
279,Taksimo,56.3444,114.8794,54.86,59,17,1.28,RU,2021-06-10 17:53:38
280,Pacific Grove,36.6177,-121.9166,67.95,65,1,1.01,US,2021-06-10 17:53:38
281,Sept-Iles,50.2001,-66.3821,59.05,36,75,7.0,CA,2021-06-10 17:53:38
282,Xixiang,35.1628,112.865,78.89,58,61,5.1,CN,2021-06-10 17:53:39
283,Berberati,4.2612,15.7922,70.54,96,79,6.69,CF,2021-06-10 17:53:39
284,Tolaga Bay,-38.3667,178.3,52.83,89,11,6.11,NZ,2021-06-10 17:53:39
285,Tomatlan,19.9333,-105.25,94.62,35,5,8.63,MX,2021-06-10 17:53:40
286,Pimenta Bueno,-11.6725,-61.1936,92.71,38,56,4.27,BR,2021-06-10 17:53:40
287,Pangnirtung,66.1451,-65.7125,37.4,87,75,14.97,CA,2021-06-10 17:53:40
288,Norman Wells,65.282,-126.8329,69.84,37,20,8.05,CA,2021-06-10 17:53:40
289,Vila Franca Do Campo,37.7167,-25.4333,68.41,86,55,7.81,PT,2021-06-10 17:53:41
290,Quelimane,-17.8786,36.8883,65.68,87,12,4.72,MZ,2021-06-10 17:53:41
291,Roebourne,-20.7833,117.1333,74.1,66,82,3.42,AU,2021-06-10 17:53:41
292,Lubao,14.9167,120.55,80.67,91,100,1.7,PH,2021-06-10 17:53:42
293,Halifax,44.6453,-63.5724,63.09,38,20,10.0,CA,2021-06-10 17:52:23
294,Daru,-9.0763,143.2092,76.69,92,29,9.22,PG,2021-06-10 17:53:42
295,Tonota,-21.4833,27.4833,57.88,50,3,9.37,BW,2021-06-10 17:53:42
296,Gazanjyk,39.2446,55.5154,82.69,40,64,15.41,TM,2021-06-10 17:53:43
297,Baker City,44.7749,-117.8344,52.59,53,100,8.5,US,2021-06-10 17:53:43
298,Fiche,9.8,38.7333,62.37,31,79,4.34,ET,2021-06-10 17:53:43
299,Sambava,-14.2667,50.1667,71.13,78,1,11.61,MG,2021-06-10 17:53:44
300,San Francisco,37.7749,-122.4194,69.78,66,1,7.0,US,2021-06-10 17:49:23
301,Kalmunai,7.4167,81.8167,82.13,70,81,2.93,LK,2021-06-10 17:53:44
302,Nizwa,22.9333,57.5333,99.12,25,74,4.32,OM,2021-06-10 17:53:44
303,Senador Pompeu,-5.5881,-39.3717,91.96,33,59,6.02,BR,2021-06-10 17:53:45
304,Bagdarin,54.4333,113.6,49.17,62,3,2.21,RU,2021-06-10 17:53:45
305,Cabo San Lucas,22.8909,-109.9124,102.51,53,40,2.15,MX,2021-06-10 17:48:52
306,Moranbah,-22.0016,148.0466,48.85,35,100,1.92,AU,2021-06-10 17:53:45
307,Urusha,54.05,122.9,45.75,96,68,4.05,RU,2021-06-10 17:53:45
308,Qaqortoq,60.7167,-46.0333,40.6,79,81,5.79,GL,2021-06-10 17:53:46
309,Shingu,33.7333,135.9833,69.91,93,82,4.83,JP,2021-06-10 17:53:46
310,Markova,48.6758,24.4138,56.79,93,85,5.21,UA,2021-06-10 17:53:46
311,Biak,-0.9131,122.8766,76.15,86,69,5.37,ID,2021-06-10 17:53:47
312,Castlemaine,-37.0667,144.2167,46.04,88,3,6.06,AU,2021-06-10 17:53:47
313,Atar,20.5169,-13.0499,113.32,6,16,15.95,MR,2021-06-10 17:53:47
314,San Patricio,28.017,-97.5169,91.49,58,43,15.57,US,2021-06-10 17:53:48
315,Azatavan,39.9832,44.5053,73.6,48,52,9.86,AM,2021-06-10 17:53:48
316,Kysyl-Syr,63.8986,122.7617,46.47,52,37,5.68,RU,2021-06-10 17:53:48
317,Haldensleben,52.2891,11.4098,77.34,79,100,5.84,DE,2021-06-10 17:53:48
318,Cabedelo,-6.9811,-34.8339,84.87,74,77,16.22,BR,2021-06-10 17:53:49
319,Carlisle,40.2015,-77.1889,85.75,61,70,5.01,US,2021-06-10 17:52:50
320,Acari,-15.4311,-74.6158,70.5,65,84,8.63,PE,2021-06-10 17:53:49
321,Zalantun,48.0,122.7167,55.56,65,23,5.64,CN,2021-06-10 17:53:49
322,Tacoronte,28.4769,-16.4102,81.25,49,0,18.41,ES,2021-06-10 17:53:50
323,Namatanai,-3.6667,152.4333,79.32,79,97,10.69,PG,2021-06-10 17:53:50
324,Bluefield,37.2698,-81.2223,77.76,93,90,11.5,US,2021-06-10 17:52:59
325,Mecca,21.4267,39.8261,94.78,19,6,6.44,SA,2021-06-10 17:53:51
326,Marsh Harbour,26.5412,-77.0636,80.2,70,18,9.13,BS,2021-06-10 17:53:51
327,Dickinson,29.4608,-95.0513,93.18,70,40,3.0,US,2021-06-10 17:53:51
328,Maarianhamina,60.0973,19.9348,66.06,77,0,6.91,AX,2021-06-10 17:53:51
329,Udachnyy,66.4167,112.4,42.76,72,36,12.21,RU,2021-06-10 17:53:52
330,Muscat,23.6139,58.5922,89.33,70,0,5.44,OM,2021-06-10 17:53:52
331,Poum,-20.2333,164.0167,74.32,73,100,17.11,NC,2021-06-10 17:53:52
332,Ponta Delgada,37.7333,-25.6667,68.72,94,75,9.22,PT,2021-06-10 17:49:14
333,Lompoc,34.6391,-120.4579,78.01,52,1,12.66,US,2021-06-10 17:52:03
334,Loukhi,66.0764,33.0381,70.23,45,43,4.38,RU,2021-06-10 17:53:53
335,Omboue,-1.5746,9.2618,76.71,86,97,8.16,GA,2021-06-10 17:53:53
336,Cayenne,4.9333,-52.3333,87.84,78,40,8.01,GF,2021-06-10 17:53:53
337,Narsaq,60.9167,-46.05,42.66,74,77,7.67,GL,2021-06-10 17:53:54
338,Zhengjiatun,43.5064,123.5064,63.99,94,100,10.6,CN,2021-06-10 17:53:54
339,Guerrero Negro,27.9769,-114.0611,70.05,60,5,21.79,MX,2021-06-10 17:53:54
340,Kloulklubed,7.0419,134.2556,82.4,76,100,6.53,PW,2021-06-10 17:53:55
341,Kuhdasht,33.535,47.6061,72.72,14,0,11.77,IR,2021-06-10 17:53:55
342,Kenai,60.5544,-151.2583,54.03,82,40,0.0,US,2021-06-10 17:53:55
343,Maldonado,-34.6667,-54.9167,58.39,76,87,12.15,UY,2021-06-10 17:53:56
344,Constitucion,-35.3333,-72.4167,60.01,63,13,11.18,CL,2021-06-10 17:53:56
345,Alihe,50.5667,123.7167,49.42,95,11,3.02,CN,2021-06-10 17:53:56
346,Thompson,55.7435,-97.8558,55.56,71,90,11.5,CA,2021-06-10 17:53:56
347,Stara Zagora,42.4328,25.6419,69.91,53,60,3.83,BG,2021-06-10 17:53:57
348,Bugembe,0.4797,33.2344,67.41,76,10,6.64,UG,2021-06-10 17:53:57
349,Listowel,52.4464,-9.485,64.85,82,91,12.97,IE,2021-06-10 17:53:57
350,Lazaro Cardenas,17.9583,-102.2,89.06,58,18,9.84,MX,2021-06-10 17:53:58
351,Lata,40.1629,-8.3327,83.05,49,99,7.74,PT,2021-06-10 17:53:58
352,Altay,47.8667,88.1167,61.65,59,96,1.39,CN,2021-06-10 17:53:58
353,Tshela,-4.9833,12.9333,78.24,75,73,3.53,CD,2021-06-10 17:53:58
354,Grand Bend,43.3168,-81.7498,84.11,57,0,11.74,CA,2021-06-10 17:53:59
355,Shimoda,34.6667,138.95,68.16,87,5,3.87,JP,2021-06-10 17:53:59
356,Arkhangelsk,64.5401,40.5433,71.71,43,20,0.0,RU,2021-06-10 17:53:59
357,Palana,59.1167,159.9667,36.46,95,100,14.76,RU,2021-06-10 17:54:00
358,Sofiyivka,48.0493,33.8746,68.23,87,53,4.32,UA,2021-06-10 17:54:00
359,Baruun-Urt,46.6806,113.2792,62.82,26,80,7.7,MN,2021-06-10 17:54:00
360,Chuy,-33.6971,-53.4616,63.54,82,88,7.07,UY,2021-06-10 17:54:01
361,Klaksvik,62.2266,-6.589,50.92,98,100,20.67,FO,2021-06-10 17:54:01
362,Sitka,57.0531,-135.33,50.95,92,100,1.83,US,2021-06-10 17:54:01
363,Ahipara,-35.1667,173.1667,60.33,89,89,7.72,NZ,2021-06-10 17:54:02
364,Arman,59.7,150.1667,46.15,60,99,11.7,RU,2021-06-10 17:54:02
365,Namibe,-15.1961,12.1522,73.44,65,5,8.63,AO,2021-06-10 17:54:03
366,Buluang,13.3068,123.3425,76.5,94,100,2.24,PH,2021-06-10 17:54:03
367,Chumikan,54.7183,135.315,39.67,99,89,4.5,RU,2021-06-10 17:54:03
368,Sampit,-2.5333,112.95,73.53,98,99,1.12,ID,2021-06-10 17:54:04
369,Puerto Montt,-41.4698,-72.9447,52.63,76,75,14.97,CL,2021-06-10 17:53:50
370,Gull Lake,50.1001,-108.4847,61.16,91,100,16.15,CA,2021-06-10 17:54:04
371,Port-Gentil,-0.7193,8.7815,80.56,78,20,11.5,GA,2021-06-10 17:54:05
372,Si Chiang Mai,17.9564,102.5867,74.93,94,99,1.9,TH,2021-06-10 17:54:05
373,Hami,42.8,93.45,80.96,17,15,8.12,CN,2021-06-10 17:54:06
374,Harnosand,62.6323,17.9379,69.82,88,46,5.7,SE,2021-06-10 17:54:06
375,Linhares,-19.3911,-40.0722,78.08,66,54,8.19,BR,2021-06-10 17:54:06
376,Port Hawkesbury,45.6169,-61.3485,53.58,71,90,11.99,CA,2021-06-10 17:54:07
377,Belgrade,44.804,20.4651,74.86,50,0,6.91,RS,2021-06-10 17:54:07
378,Souillac,-20.5167,57.5167,75.58,69,75,10.36,MU,2021-06-10 17:54:07
379,Kaeo,-35.1,173.7833,60.33,97,86,7.99,NZ,2021-06-10 17:54:08
380,Bud,39.447,-86.1758,82.98,81,66,1.19,US,2021-06-10 17:54:08
381,Shelburne,44.0787,-80.2041,76.24,53,3,10.49,CA,2021-06-10 17:54:08
382,Alta Floresta,-9.8756,-56.0861,93.02,38,40,5.75,BR,2021-06-10 17:54:08
383,Acapulco,16.8634,-99.8901,88.54,61,70,7.63,MX,2021-06-10 17:49:09
384,Rubik,41.7744,19.7861,74.86,69,26,4.9,AL,2021-06-10 17:54:09
385,Progreso,21.2833,-89.6667,87.17,58,100,12.53,MX,2021-06-10 17:54:09
386,Griffith,41.5284,-87.4237,91.15,62,75,1.99,US,2021-06-10 17:54:09
387,Sinnamary,5.3833,-52.95,82.47,71,100,10.85,GF,2021-06-10 17:54:10
388,Kushiro,42.975,144.3747,53.51,90,68,1.83,JP,2021-06-10 17:54:10
389,Ust-Kuyga,70.0167,135.6,51.64,56,19,3.31,RU,2021-06-10 17:54:10
390,Rorvik,64.8621,11.2373,64.51,63,40,5.75,NO,2021-06-10 17:54:10
391,Tiksi,71.6872,128.8694,32.52,91,37,3.62,RU,2021-06-10 17:54:11
392,Muros,42.7762,-9.0603,79.3,57,20,13.13,ES,2021-06-10 17:54:11
393,Cortez,37.3489,-108.5859,82.67,12,97,18.03,US,2021-06-10 17:54:11
394,Praia,14.9215,-23.5087,84.74,51,20,17.27,CV,2021-06-10 17:54:12
395,Kudat,6.8837,116.8477,78.73,89,20,3.44,MY,2021-06-10 17:54:12
396,Alofi,-19.0595,-169.9187,64.29,88,1,2.3,NU,2021-06-10 17:54:12
397,Kahului,20.8947,-156.47,77.85,91,23,11.01,US,2021-06-10 17:54:12
398,Seminole,28.7086,-81.2081,95.27,45,7,1.99,US,2021-06-10 17:54:13
399,Kidal,18.4411,1.4078,106.32,9,17,2.55,ML,2021-06-10 17:54:13
400,Westport,41.1415,-73.3579,83.75,51,97,1.99,US,2021-06-10 17:54:13
401,High Rock,26.6208,-78.2833,86.02,69,13,7.85,BS,2021-06-10 17:54:14
402,Safford,32.834,-109.7076,93.06,10,3,3.38,US,2021-06-10 17:54:14
403,Christchurch,-43.5333,172.6333,48.02,95,75,2.3,NZ,2021-06-10 17:52:40
404,Tawang,27.5833,91.8667,55.81,94,100,1.81,IN,2021-06-10 17:54:14
405,Srandakan,-7.9386,110.2506,60.73,91,49,3.65,ID,2021-06-10 17:54:14
406,Nyrob,60.733,56.7202,53.98,56,35,2.77,RU,2021-06-10 17:54:15
407,Mount Isa,-20.7333,139.5,40.77,52,70,0.0,AU,2021-06-10 17:54:15
408,Wilkie,52.4168,-108.7014,57.58,90,100,12.28,CA,2021-06-10 17:54:16
409,Krasnaya Gorka,55.1962,56.6673,57.33,70,82,10.51,RU,2021-06-10 17:54:16
410,Pundaguitan,6.3711,126.1689,82.44,77,100,6.71,PH,2021-06-10 17:54:16
411,Ola,59.5833,151.2833,46.87,59,97,14.32,RU,2021-06-10 17:54:16
412,Alice Springs,-23.7,133.8833,33.35,69,1,0.0,AU,2021-06-10 17:54:17
413,Guarapari,-20.6667,-40.4975,78.91,82,30,3.98,BR,2021-06-10 17:54:17
414,Antofagasta,-23.65,-70.4,69.22,57,11,11.25,CL,2021-06-10 17:53:13
415,Itarema,-2.9248,-39.9167,81.57,73,53,12.66,BR,2021-06-10 17:54:17
416,Kirakira,-10.4544,161.9205,79.52,86,94,10.83,SB,2021-06-10 17:54:18
417,Indramayu,-6.3264,108.32,79.68,78,25,4.23,ID,2021-06-10 17:51:18
418,Newcastle,-32.9272,151.7765,46.06,91,75,3.0,AU,2021-06-10 17:52:29
419,Clyde River,70.4692,-68.5914,39.43,75,20,34.52,CA,2021-06-10 17:54:18
420,La Ronge,55.1001,-105.2842,57.45,77,90,10.36,CA,2021-06-10 17:54:18
421,Lahat,-3.8,103.5333,70.88,98,66,2.98,ID,2021-06-10 17:54:19
422,Aguimes,27.9054,-15.4461,83.03,30,0,24.16,ES,2021-06-10 17:54:19
423,Nyurba,63.2842,118.3319,48.43,87,81,5.28,RU,2021-06-10 17:54:19
424,Zhangye,38.9342,100.4517,65.37,41,65,8.77,CN,2021-06-10 17:54:19
425,Waddan,29.1614,16.139,86.0,20,1,14.43,LY,2021-06-10 17:54:20
426,Dombarovskiy,50.7587,59.5386,67.37,44,18,11.25,RU,2021-06-10 17:54:20
427,Rehoboth,-23.3167,17.0833,62.51,26,0,8.1,NA,2021-06-10 17:54:20
428,Te Anau,-45.4167,167.7167,42.3,93,69,0.78,NZ,2021-06-10 17:54:21
429,Aloleng,16.1307,119.7824,79.14,85,100,16.44,PH,2021-06-10 17:54:21
430,Saint-Pierre,-21.3393,55.4781,73.04,78,90,11.5,RE,2021-06-10 17:54:21
431,Vanimo,-2.6741,141.3028,75.76,87,86,3.18,PG,2021-06-10 17:54:22
432,Gilbues,-9.8317,-45.3439,92.55,26,44,6.2,BR,2021-06-10 17:54:22
433,Biograd Na Moru,43.9433,15.4519,81.3,54,85,14.05,HR,2021-06-10 17:54:22
434,Along,28.1667,94.7667,73.17,97,83,1.74,IN,2021-06-10 17:54:22
435,Santa Helena De Goias,-17.8136,-50.5969,89.06,28,23,4.81,BR,2021-06-10 17:54:23
436,Merced,37.1666,-120.7516,68.05,24,0,9.01,US,2021-06-10 17:54:23
437,Narragansett,41.4501,-71.4495,80.96,45,99,7.0,US,2021-06-10 17:54:23
438,Wawa,9.9022,4.4192,87.17,53,76,5.03,NG,2021-06-10 17:54:24
439,Akhtyrskiy,44.8546,38.3031,66.9,87,2,5.61,RU,2021-06-10 17:54:24
440,Isla Vista,34.4133,-119.861,80.28,35,0,4.0,US,2021-06-10 17:54:24
441,Odweyne,9.4092,45.064,77.29,55,75,18.05,SO,2021-06-10 17:54:24
442,Vostok,46.4856,135.8833,58.68,88,100,4.41,RU,2021-06-10 17:54:25
443,Pontianak,-0.0333,109.3333,78.78,94,75,0.0,ID,2021-06-10 17:54:25
444,Broome,42.2506,-75.833,84.69,41,79,3.0,US,2021-06-10 17:54:25
445,Amalapuram,16.5833,82.0167,80.67,76,100,7.4,IN,2021-06-10 17:54:26
446,Birao,10.2849,22.7882,87.98,42,66,4.21,CF,2021-06-10 17:54:26
447,Razole,16.4833,81.8333,81.75,72,100,8.75,IN,2021-06-10 17:54:26
448,Fort Nelson,58.8053,-122.7002,58.59,58,75,0.0,CA,2021-06-10 17:54:27
449,Abonnema,4.7084,6.7931,79.86,83,91,6.85,NG,2021-06-10 17:54:27
450,Santa Cecilia,-26.9608,-50.4269,55.76,99,100,2.26,BR,2021-06-10 17:54:27
451,Lavrentiya,65.5833,-171.0,34.12,98,100,3.65,RU,2021-06-10 17:54:27
452,La Palma,33.8464,-118.0467,80.96,52,1,4.0,US,2021-06-10 17:54:28
453,Verkhoyansk,67.5447,133.385,39.02,87,51,4.14,RU,2021-06-10 17:54:28
454,Keti Bandar,24.1447,67.4497,85.64,75,0,17.85,PK,2021-06-10 17:54:28
455,San Carlos,9.6612,-68.5827,78.69,88,98,3.49,VE,2021-06-10 17:54:29
456,Kulhudhuffushi,6.6221,73.07,82.96,75,54,13.42,MV,2021-06-10 17:54:29
457,Challans,46.8436,-1.8749,77.92,67,74,12.21,FR,2021-06-10 17:54:29
458,Kalmar,56.6616,16.3616,73.33,46,60,11.5,SE,2021-06-10 17:54:29
459,Felanitx,39.4696,3.1483,81.95,51,0,7.2,ES,2021-06-10 17:54:30
460,Manggar,-2.8833,108.2667,81.28,74,16,2.91,ID,2021-06-10 17:54:30
461,Khromtau,50.2503,58.4347,69.3,39,64,5.55,KZ,2021-06-10 17:54:30
462,Neryungri,56.6709,124.6491,46.69,93,100,4.9,RU,2021-06-10 17:54:31
463,Atbasar,51.8,68.3333,62.29,37,78,18.37,KZ,2021-06-10 17:54:31
464,Hammerfest,70.6634,23.6821,59.45,67,75,9.22,NO,2021-06-10 17:54:31
465,Cap Malheureux,-19.9842,57.6142,75.69,67,88,8.01,MU,2021-06-10 17:54:31
466,Tabou,4.423,-7.3528,78.87,84,100,5.41,CI,2021-06-10 17:54:32
467,Yurgamysh,55.3714,64.4656,48.2,93,45,6.64,RU,2021-06-10 17:54:32
468,Olafsvik,64.8945,-23.7142,44.04,88,97,17.87,IS,2021-06-10 17:54:32
469,Marawi,7.9986,124.2928,68.65,94,100,3.67,PH,2021-06-10 17:54:33
470,Havoysund,70.9963,24.6622,59.88,77,100,11.1,NO,2021-06-10 17:54:33
471,Honavar,14.2833,74.45,79.7,84,98,5.35,IN,2021-06-10 17:54:33
472,Kachiry,53.0675,76.1036,52.32,58,17,13.65,KZ,2021-06-10 17:54:34
473,San Joaquin,37.9333,-121.3011,69.94,48,1,10.36,US,2021-06-10 17:54:34
474,Bassar,9.25,0.7833,86.86,56,100,5.57,TG,2021-06-10 17:54:34
475,Portland,45.5234,-122.6762,62.74,62,75,1.99,US,2021-06-10 17:53:00
476,Samarai,-10.6167,150.6667,79.29,85,77,10.33,PG,2021-06-10 17:54:35
477,Sorland,67.667,12.6934,55.47,97,100,24.43,NO,2021-06-10 17:54:35
478,Lensk,60.7253,114.9278,52.0,68,97,4.05,RU,2021-06-10 17:54:35
479,Qesarya,32.5189,34.9046,78.24,70,0,3.31,IL,2021-06-10 17:54:36
480,Lagoa,39.05,-27.9833,66.34,87,6,10.0,PT,2021-06-10 17:54:36
481,Abu Kamal,34.4506,40.9171,89.76,15,0,2.39,SY,2021-06-10 17:54:36
482,Los Llanos De Aridane,28.6585,-17.9182,69.55,83,0,11.5,ES,2021-06-10 17:54:37
483,Ngunguru,-35.6167,174.5,60.17,85,74,9.51,NZ,2021-06-10 17:54:37
484,Adre,13.4667,22.2,85.01,36,70,12.5,TD,2021-06-10 17:54:37
485,Saint-Leu,-21.15,55.2833,72.43,89,41,5.44,RE,2021-06-10 17:54:38
486,Grand-Santi,4.25,-54.3833,84.45,67,93,5.26,GF,2021-06-10 17:54:38
487,Aberdeen,57.1437,-2.0981,68.54,79,75,12.66,GB,2021-06-10 17:50:35
488,Paka,4.6374,103.4368,75.13,94,100,2.3,MY,2021-06-10 17:54:38
489,Sisimiut,66.9395,-53.6735,37.02,79,100,9.24,GL,2021-06-10 17:54:39
490,Pangkalanbuun,-2.6833,111.6167,74.21,96,99,1.79,ID,2021-06-10 17:54:39
491,Araguacu,-12.9306,-49.8264,95.36,24,47,4.23,BR,2021-06-10 17:54:39
492,Salalah,17.0151,54.0924,83.71,82,88,8.48,OM,2021-06-10 17:54:39
493,Taree,-31.9,152.4667,42.58,100,71,1.14,AU,2021-06-10 17:54:40
494,Pizarro,4.9533,-77.366,81.77,77,77,6.4,CO,2021-06-10 17:54:40
495,Buzmeyin,38.0507,58.2056,89.33,29,75,6.91,TM,2021-06-10 17:54:40
496,Bolu,40.6667,31.5833,55.6,89,76,3.22,TR,2021-06-10 17:54:41
497,Mana,5.6592,-53.7767,83.08,69,94,10.76,GF,2021-06-10 17:54:41
498,Nago,26.5881,127.9761,79.23,90,87,7.29,JP,2021-06-10 17:54:41
499,Varnavino,57.4035,45.0916,54.01,79,71,5.3,RU,2021-06-10 17:54:41
500,Teguldet,57.3064,88.1667,38.19,74,55,3.98,RU,2021-06-10 17:54:42
501,Itarantim,-15.6597,-40.0656,80.91,52,65,5.82,BR,2021-06-10 17:54:42
502,Mokrous,51.2333,47.5167,64.44,75,90,6.69,RU,2021-06-10 17:54:42
503,Antalaha,-14.9003,50.2788,69.28,83,3,7.94,MG,2021-06-10 17:54:43
504,Brigantine,39.4101,-74.3646,84.27,77,38,14.27,US,2021-06-10 17:54:43
505,Trelew,-43.249,-65.3051,52.39,36,1,16.87,AR,2021-06-10 17:54:43
506,Parrita,9.5201,-84.3225,91.06,71,92,8.16,CR,2021-06-10 17:54:44
507,Bosaso,11.2842,49.1816,95.86,40,26,15.41,SO,2021-06-10 17:54:44
508,Kozhva,65.1073,57.0459,59.05,51,80,6.71,RU,2021-06-10 17:54:44
509,Shiyan,32.6475,110.7781,70.34,85,0,0.98,CN,2021-06-10 17:54:45
510,Jinchang,38.4953,102.1739,66.58,43,100,6.08,CN,2021-06-10 17:54:45
511,Luwuk,-0.9516,122.7875,76.95,89,64,4.38,ID,2021-06-10 17:54:45
512,Haimen,23.1935,116.6142,80.49,90,36,9.55,CN,2021-06-10 17:54:45
513,Faya,18.3851,42.4509,75.31,42,86,5.17,SA,2021-06-10 17:54:46
514,Prieska,-29.6641,22.7474,60.12,49,2,5.48,ZA,2021-06-10 17:54:46
515,Sohag,26.557,31.6948,100.69,15,0,15.5,EG,2021-06-10 17:54:47
516,Albion,42.2431,-84.753,85.73,66,40,0.0,US,2021-06-10 17:54:47
517,Owando,-0.4819,15.8999,80.37,63,70,1.36,CG,2021-06-10 17:54:47
518,Georgetown,5.4112,100.3354,77.9,88,20,3.0,MY,2021-06-10 17:54:47
519,Kapit,2.0167,112.9333,74.26,97,100,0.47,MY,2021-06-10 17:54:48
520,Sao Raimundo Das Mangabeiras,-7.0219,-45.4811,95.56,27,78,6.53,BR,2021-06-10 17:54:48
521,Vaitape,-16.5167,-151.75,81.03,73,6,8.68,PF,2021-06-10 17:54:48
522,Saint-Louis,16.3333,-15.0,101.84,19,2,2.28,SN,2021-06-10 17:54:49
523,Katsuura,35.1333,140.3,72.1,78,0,4.7,JP,2021-06-10 17:54:49
524,Ginir,7.1333,40.7,58.8,86,78,4.74,ET,2021-06-10 17:54:49
525,Ames,42.0347,-93.6199,93.06,48,40,1.01,US,2021-06-10 17:54:49
526,Marang,5.2056,103.2059,76.93,87,100,8.88,MY,2021-06-10 17:54:50
527,Tigil,57.8,158.6667,44.91,83,30,9.28,RU,2021-06-10 17:54:50
528,Pacifica,37.6138,-122.4869,68.25,67,1,1.01,US,2021-06-10 17:54:50
529,Djougou,9.7085,1.666,86.11,65,97,1.83,BJ,2021-06-10 17:54:51
530,Khanpur,28.6453,70.6567,98.53,36,0,24.94,PK,2021-06-10 17:54:51
531,Iqaluit,63.7506,-68.5145,37.13,74,75,24.0,CA,2021-06-10 17:54:51
532,Leh,34.1667,77.5833,59.45,29,11,6.11,IN,2021-06-10 17:54:52
533,Jackson,42.4165,-122.8345,59.92,65,1,0.0,US,2021-06-10 17:50:59
534,Nome,64.5011,-165.4064,41.16,88,100,3.83,US,2021-06-10 17:54:52
535,Kushima,31.4583,131.2333,74.12,93,100,7.27,JP,2021-06-10 17:54:53
536,Oksfjord,70.2396,22.3479,64.47,65,100,4.85,NO,2021-06-10 17:54:53
537,Haines Junction,60.7522,-137.5108,57.15,35,0,2.3,CA,2021-06-10 17:54:53
538,San Javier,37.8063,-0.8374,83.62,66,0,4.0,ES,2021-06-10 17:54:54
539,Noordwijkerhout,52.25,4.4833,74.17,71,61,6.62,NL,2021-06-10 17:51:35
540,Bundaberg,-24.85,152.35,47.21,81,69,1.01,AU,2021-06-10 17:54:54
541,Dicamay,16.7561,122.0037,75.56,87,100,2.51,PH,2021-06-10 17:54:54
542,Aklavik,68.2191,-135.0107,68.83,55,40,2.3,CA,2021-06-10 17:54:55
543,Ahmadpur,18.7,76.9333,76.48,73,99,13.58,IN,2021-06-10 17:54:55
544,Visnes,59.3556,5.2242,66.58,77,75,12.66,NO,2021-06-10 17:54:55
545,Mutis,6.2262,-77.4044,83.17,73,63,5.79,CO,2021-06-10 17:54:55
546,Banda Aceh,5.5577,95.3222,80.49,75,100,9.42,ID,2021-06-10 17:54:56
547,Morondava,-20.2833,44.2833,73.0,70,0,11.79,MG,2021-06-10 17:54:56
548,Charters Towers,-20.1,146.2667,52.02,33,89,6.38,AU,2021-06-10 17:54:56
549,Oxford,51.7522,-1.256,73.29,72,40,9.22,GB,2021-06-10 17:54:57
550,Mazarron,37.5992,-1.3149,83.1,49,2,7.36,ES,2021-06-10 17:54:57
551,Karlstad,59.3793,13.5036,68.56,73,75,9.22,SE,2021-06-10 17:54:57
552,Ancud,-41.8697,-73.8203,50.43,82,99,14.81,CL,2021-06-10 17:54:58
553,Puerto Cabezas,14.0351,-83.3888,75.16,94,75,0.0,NI,2021-06-10 17:54:58
554,Linqiong,30.4159,103.4609,73.22,86,88,1.16,CN,2021-06-10 17:54:58
555,Honiara,-9.4333,159.95,75.96,88,96,8.41,SB,2021-06-10 17:54:58
556,Tarakan,3.3,117.6333,80.67,78,34,3.83,ID,2021-06-10 17:54:59
557,Agadir,30.4202,-9.5982,93.65,35,94,7.18,MA,2021-06-10 17:53:41
558,Fayaoue,-20.65,166.5333,73.53,71,81,12.68,NC,2021-06-10 17:54:59
559,Port Macquarie,-31.4333,152.9167,39.16,81,83,8.52,AU,2021-06-10 17:54:59
560,Bakchar,57.0186,82.0711,40.86,79,49,1.9,RU,2021-06-10 17:55:00
561,Gayny,60.3071,54.3241,54.66,58,57,3.44,RU,2021-06-10 17:55:00
562,Puerto Baquerizo Moreno,-0.9,-89.6,76.19,83,90,13.8,EC,2021-06-10 17:55:00
563,Laguna,38.421,-121.4238,71.06,47,1,1.99,US,2021-06-10 17:55:01
564,Tessalit,20.1986,1.0114,108.16,7,42,7.07,ML,2021-06-10 17:55:01
565,Mizdah,31.4451,12.9801,75.58,36,2,19.48,LY,2021-06-10 17:55:01
566,Ruteng,-8.6136,120.4721,61.18,95,71,0.67,ID,2021-06-10 17:55:02
567,Manadhoo,5.7667,73.3833,82.78,75,12,13.58,MV,2021-06-10 17:55:02
568,Petropavlovsk-Kamchatskiy,53.0452,158.6483,46.99,81,19,4.47,RU,2021-06-10 17:55:03
569,Le Port,-20.9373,55.2919,73.36,89,16,5.26,RE,2021-06-10 17:55:03
